Client_ID,Gender,Age,Frequency,Monthly Income(1-100 K)
11044,FEMALE,50,41,43
11048,FEMALE,31,48,26
11049,FEMALE,56,21,47
11383,FEMALE,31,47,29
11384,FEMALE,31,46,31
13836,FEMALE,40,54,27
13837,FEMALE,54,29,47
13838,FEMALE,59,18,38
13839,FEMALE,57,20,45
13840,FEMALE,57,19,40
13841,FEMALE,64,7,38
13842,FEMALE,31,45,28
13844,FEMALE,47,32,40
13845,FEMALE,46,42,26
49704,MALE,31,44,32
68377,FEMALE,38,48,29
68378,FEMALE,57,18,47
68381,FEMALE,41,50,26
68383,FEMALE,38,47,31
189581,MALE,66,6,38
189582,FEMALE,42,34,35
189583,FEMALE,43,49,26
189594,FEMALE,21,13,6
189595,FEMALE,44,43,42
189596,FEMALE,52,39,43
189598,FEMALE,48,38,41
189599,FEMALE,63,8,45
189600,FEMALE,58,20,50
189601,FEMALE,48,37,41
189603,FEMALE,32,49,25
189604,FEMALE,46,41,31
189605,FEMALE,46,40,27
189606,FEMALE,54,28,48
189607,FEMALE,55,30,39
189608,FEMALE,54,27,45
189609,FEMALE,46,39,29
189686,FEMALE,53,23,50
189687,MALE,39,41,34
189816,FEMALE,37,36,37
189987,MALE,56,20,48
189991,FEMALE,42,33,29
190007,FEMALE,32,48,27
190008,FEMALE,42,32,31
190009,MALE,41,49,31
190010,FEMALE,35,45,37
190011,FEMALE,63,7,55
190012,FEMALE,53,22,52
190013,FEMALE,38,46,27
190014,FEMALE,41,48,27
190015,FEMALE,64,6,45
190288,FEMALE,58,19,52
190292,FEMALE,56,19,45
190294,FEMALE,43,48,31
190296,FEMALE,53,21,57
190299,FEMALE,32,47,27
190310,FEMALE,32,46,28
190315,FEMALE,46,38,32
190433,FEMALE,52,38,49
190472,FEMALE,30,36,25
190473,FEMALE,39,40,42
190474,FEMALE,30,35,22
190475,FEMALE,40,53,29
190538,FEMALE,28,35,30
190540,FEMALE,36,37,38
190541,FEMALE,43,47,27
190542,FEMALE,53,20,45
190751,FEMALE,48,36,29
190752,FEMALE,53,19,40
191013,FEMALE,30,34,27
191100,FEMALE,53,18,47
191116,FEMALE,50,40,31
191118,FEMALE,50,39,27
191122,FEMALE,53,17,48
191209,FEMALE,23,14,15
191216,FEMALE,31,43,35
191336,FEMALE,42,31,27
191342,FEMALE,43,46,29
191343,MALE,39,39,46
191344,FEMALE,71,1,30
191451,FEMALE,47,31,29
191452,FEMALE,44,42,29
191462,FEMALE,50,38,29
191465,FEMALE,46,37,35
191468,FEMALE,50,37,35
191471,FEMALE,41,47,29
191472,FEMALE,65,9,30
191473,FEMALE,40,52,32
191474,FEMALE,33,38,37
191476,FEMALE,55,29,48
191477,FEMALE,37,35,27
191478,MALE,19,5,3
191479,FEMALE,51,29,50
191507,FEMALE,31,42,27
191521,FEMALE,54,26,59
191536,MALE,39,38,42
191537,FEMALE,50,36,26
191539,FEMALE,58,18,57
191540,FEMALE,59,17,45
191542,FEMALE,69,6,52
191544,FEMALE,54,25,62
191550,MALE,69,5,53
191552,FEMALE,37,34,38
191554,FEMALE,59,16,39
191580,FEMALE,38,45,29
191581,FEMALE,23,13,15
191582,FEMALE,57,17,48
191583,FEMALE,28,34,29
191638,FEMALE,40,51,35
191639,FEMALE,62,6,39
191640,FEMALE,31,41,37
191643,FEMALE,28,33,26
191761,FEMALE,43,45,32
191765,MALE,44,41,35
191768,FEMALE,42,30,29
191770,FEMALE,41,46,32
191771,FEMALE,34,36,29
191772,FEMALE,65,8,45
191897,FEMALE,27,20,18
192046,FEMALE,35,44,27
192051,FEMALE,24,24,15
192056,FEMALE,30,33,28
192215,MALE,20,10,5
192216,FEMALE,65,7,55
192217,FEMALE,22,11,7
192218,FEMALE,62,5,48
192221,FEMALE,63,6,52
192222,FEMALE,52,37,38
192223,FEMALE,45,24,31
192224,FEMALE,32,45,30
192226,FEMALE,25,24,20
192227,FEMALE,41,45,35
192228,FEMALE,48,35,35
192235,FEMALE,34,35,31
192236,FEMALE,59,15,48
192237,FEMALE,38,44,35
192238,FEMALE,60,14,38
192241,MALE,67,5,29
192347,FEMALE,29,31,28
192349,FEMALE,52,36,48
192350,FEMALE,53,16,45
192351,FEMALE,51,28,52
192533,FEMALE,40,50,37
192536,FEMALE,33,37,33
192537,FEMALE,23,12,16
192538,FEMALE,30,32,30
192540,FEMALE,37,33,34
192596,FEMALE,34,34,28
192598,MALE,43,44,35
192720,FEMALE,43,43,37
192800,FEMALE,35,43,38
192804,FEMALE,40,49,31
192806,FEMALE,35,42,34
192808,FEMALE,44,40,29
192892,FEMALE,42,29,35
192926,MALE,37,32,42
192953,FEMALE,43,42,31
192954,FEMALE,33,36,29
192955,FEMALE,36,36,34
192956,FEMALE,40,48,34
192962,FEMALE,32,44,29
192963,FEMALE,22,10,8
192973,MALE,53,15,59
192974,MALE,46,36,37
192975,FEMALE,30,31,29
192980,FEMALE,46,35,31
193095,MALE,44,39,31
193097,MALE,20,9,6
193098,MALE,27,19,19
193099,MALE,27,18,20
193143,FEMALE,43,41,37
193147,FEMALE,48,34,29
193237,FEMALE,27,17,20
193369,FEMALE,49,39,27
193836,FEMALE,28,32,29
193841,MALE,34,33,25
193844,MALE,41,44,37
193848,FEMALE,46,34,38
193850,MALE,37,31,46
193851,MALE,47,30,35
193852,MALE,40,47,29
193853,MALE,49,38,29
193854,MALE,49,37,35
193860,MALE,31,40,33
194340,FEMALE,38,43,26
194342,FEMALE,59,14,50
194346,FEMALE,43,40,29
194347,FEMALE,59,13,52
194354,FEMALE,58,17,45
194355,MALE,49,36,26
194449,FEMALE,31,39,29
194651,MALE,58,16,40
194655,FEMALE,43,39,35
194702,FEMALE,30,30,26
194854,FEMALE,40,46,35
194855,FEMALE,54,24,60
194856,FEMALE,30,29,29
194858,FEMALE,39,37,29
194957,FEMALE,57,16,45
195041,FEMALE,50,35,31
195043,FEMALE,37,30,42
195044,FEMALE,50,34,27
195045,FEMALE,45,23,38
195088,FEMALE,56,18,59
195091,FEMALE,31,38,31
195099,MALE,55,28,50
195100,FEMALE,42,28,26
195137,MALE,42,27,31
195138,FEMALE,55,27,52
195546,FEMALE,28,31,31
195757,FEMALE,34,32,27
195765,FEMALE,33,35,31
196122,MALE,69,4,50
196332,FEMALE,29,30,25
196668,FEMALE,41,43,31
196678,FEMALE,44,38,27
196682,FEMALE,51,27,57
196684,FEMALE,29,29,22
196685,FEMALE,57,15,59
196687,FEMALE,36,35,42
196959,FEMALE,35,41,42
196962,MALE,30,28,31
196963,FEMALE,39,36,35
196965,MALE,67,4,30
196966,FEMALE,46,33,38
197053,FEMALE,56,17,62
197061,FEMALE,39,35,29
197062,FEMALE,59,12,57
197065,FEMALE,41,42,35
197066,FEMALE,24,23,16
197075,MALE,24,22,14
197076,FEMALE,51,26,45
197078,FEMALE,46,32,39
197079,FEMALE,35,40,46
197080,FEMALE,34,31,27
197094,FEMALE,40,45,29
197190,FEMALE,58,15,47
197194,FEMALE,46,31,29
197195,MALE,51,25,40
197197,FEMALE,52,35,50
197199,FEMALE,57,14,62
197200,MALE,54,23,58
197204,MALE,36,34,46
197205,FEMALE,60,13,45
197207,FEMALE,51,24,47
197208,MALE,44,37,29
197210,FEMALE,40,44,37
197714,FEMALE,61,11,47
197715,FEMALE,58,14,48
197716,FEMALE,51,23,48
197721,FEMALE,51,22,39
197722,FEMALE,59,11,45
197724,FEMALE,57,13,60
197725,FEMALE,50,33,29
197729,FEMALE,44,36,35
197730,MALE,31,37,28
197834,FEMALE,40,43,33
198507,FEMALE,38,42,31
198895,FEMALE,40,42,37
198896,FEMALE,65,6,52
198897,FEMALE,49,35,31
198899,FEMALE,25,23,17
198900,FEMALE,52,34,52
199442,FEMALE,58,13,45
199687,FEMALE,33,34,28
199706,FEMALE,40,41,27
199711,FEMALE,30,27,28
199713,FEMALE,46,30,35
200321,MALE,32,43,26
200470,FEMALE,51,21,41
200586,FEMALE,39,34,31
200589,FEMALE,49,34,27
200595,MALE,30,26,29
200596,FEMALE,43,38,29
200602,FEMALE,67,3,45
200604,FEMALE,34,30,28
200605,FEMALE,67,2,55
200935,FEMALE,41,41,29
201253,FEMALE,44,35,26
201254,FEMALE,38,41,27
201255,FEMALE,27,16,17
201256,FEMALE,34,29,30
201258,FEMALE,29,28,27
201260,FEMALE,35,39,42
201261,FEMALE,38,40,29
201263,FEMALE,31,36,25
201264,FEMALE,43,37,37
201265,MALE,32,42,29
201266,FEMALE,31,35,27
201267,FEMALE,34,28,29
201268,FEMALE,44,34,31
201270,FEMALE,31,34,27
201530,FEMALE,48,33,37
201531,FEMALE,36,33,42
201723,MALE,47,29,29
201724,FEMALE,35,38,29
201726,MALE,24,21,13
201730,FEMALE,55,26,57
201746,FEMALE,46,29,29
201748,FEMALE,49,33,29
201750,FEMALE,37,29,29
201751,FEMALE,38,39,32
201753,FEMALE,44,33,27
201754,FEMALE,26,28,18
201863,FEMALE,48,32,33
201865,FEMALE,40,40,38
201866,MALE,25,22,17
201867,FEMALE,61,10,48
201869,FEMALE,61,9,45
201984,MALE,48,31,37
202109,MALE,23,11,17
202285,FEMALE,31,33,28
202357,FEMALE,64,5,39
202506,FEMALE,21,12,8
202623,FEMALE,53,14,62
202624,FEMALE,47,28,37
202626,FEMALE,28,30,23
202629,MALE,40,39,34
202630,FEMALE,68,2,65
202631,FEMALE,57,12,58
202635,MALE,31,32,30
202931,FEMALE,35,37,35
202998,FEMALE,38,38,35
202999,FEMALE,53,13,60
203000,FEMALE,52,33,57
203001,FEMALE,44,32,29
203002,FEMALE,52,32,45
203003,FEMALE,52,31,40
203005,FEMALE,37,28,35
203008,FEMALE,57,11,56
203009,FEMALE,32,41,31
203010,FEMALE,46,28,37
203011,FEMALE,60,12,39
203012,FEMALE,39,33,27
203013,FEMALE,48,30,27
203014,MALE,39,32,29
203015,FEMALE,55,25,45
203016,FEMALE,63,5,65
203017,FEMALE,24,20,15
203018,FEMALE,31,31,29
203019,FEMALE,56,16,60
203020,FEMALE,50,32,32
203021,FEMALE,55,24,40
203022,FEMALE,35,36,29
203023,FEMALE,43,36,33
203024,FEMALE,51,20,41
203025,FEMALE,46,27,33
203026,FEMALE,60,11,48
203027,MALE,33,33,25
203028,MALE,37,27,29
203029,FEMALE,46,26,37
203030,MALE,52,30,47
203031,FEMALE,61,8,59
203173,MALE,64,4,48
203178,MALE,26,27,17
203179,FEMALE,64,3,25
203190,FEMALE,32,40,28
203191,FEMALE,32,39,32
203285,MALE,26,26,15
203286,MALE,25,21,17
203289,FEMALE,39,31,35
203292,FEMALE,60,10,57
203294,FEMALE,40,38,42
203299,FEMALE,33,32,27
203300,FEMALE,54,22,56
203408,FEMALE,60,9,38
203409,FEMALE,34,27,26
203410,FEMALE,50,31,35
203411,FEMALE,37,26,31
203412,FEMALE,43,35,37
203413,FEMALE,26,25,18
203414,FEMALE,55,23,47
203415,MALE,38,37,37
203417,FEMALE,48,29,38
203419,FEMALE,57,10,57
203638,FEMALE,24,19,15
203659,FEMALE,49,32,32
203660,FEMALE,61,7,62
203661,FEMALE,32,38,35
203662,FEMALE,40,37,46
203663,FEMALE,58,12,59
203664,FEMALE,31,30,26
203665,FEMALE,52,29,48
203666,FEMALE,65,5,65
203667,MALE,27,15,15
203668,FEMALE,33,31,27
203713,FEMALE,52,28,45
203718,FEMALE,34,26,29
203723,MALE,33,30,28
203726,FEMALE,29,27,28
203727,MALE,40,36,42
203729,FEMALE,35,35,37
203730,FEMALE,52,27,39
203731,FEMALE,52,26,41
203732,FEMALE,56,15,58
203733,FEMALE,48,28,34
203734,FEMALE,63,4,40
203929,FEMALE,47,27,33
203930,FEMALE,36,32,29
203931,FEMALE,44,31,32
203936,FEMALE,37,25,27
204007,MALE,48,27,42
204204,FEMALE,69,3,40
204206,FEMALE,72,1,32
204216,FEMALE,66,5,45
204218,FEMALE,44,30,35
204219,FEMALE,31,29,29
204220,FEMALE,52,25,41
204222,FEMALE,34,25,31
204223,FEMALE,50,30,37
204225,FEMALE,27,14,18
204226,FEMALE,58,11,62
204227,FEMALE,50,29,31
204228,FEMALE,41,40,35
204229,FEMALE,39,30,26
204230,FEMALE,50,28,38
204231,FEMALE,31,28,31
204232,FEMALE,36,31,35
204233,FEMALE,49,31,35
204234,FEMALE,43,34,27
204236,FEMALE,44,29,37
204237,FEMALE,57,9,38
204238,FEMALE,57,8,45
204350,FEMALE,39,29,31
204413,FEMALE,18,5,3
205168,MALE,40,35,29
205383,MALE,32,37,27
205427,MALE,35,34,33
205429,MALE,41,39,29
205430,MALE,28,29,25
206332,MALE,34,24,28
207104,MALE,38,36,31
207114,MALE,26,24,19
207121,FEMALE,57,7,39
207122,FEMALE,55,22,48
207123,FEMALE,52,24,42
207124,FEMALE,41,38,37
207125,FEMALE,32,36,37
207126,FEMALE,41,37,33
207195,FEMALE,42,26,27
207225,FEMALE,27,13,19
207247,FEMALE,56,14,56
207249,FEMALE,32,35,33
207250,FEMALE,32,34,29
207251,FEMALE,40,34,35
207252,FEMALE,41,36,37
207262,MALE,27,12,20
207269,MALE,26,23,20
207310,FEMALE,42,25,29
207323,FEMALE,59,10,40
207376,FEMALE,26,22,18
207424,MALE,30,25,26
207430,FEMALE,49,30,37
207431,MALE,43,33,38
207490,FEMALE,37,24,29
207508,FEMALE,21,11,7
207524,FEMALE,47,26,37
207529,FEMALE,41,35,27
207610,FEMALE,52,23,42
207656,FEMALE,52,22,43
207658,FEMALE,45,22,38
207662,FEMALE,48,26,46
207890,MALE,28,28,22
208005,MALE,41,34,38
208241,MALE,18,4,2
209055,FEMALE,7,1,1
209066,MALE,45,21,38
209393,MALE,41,33,34
209418,FEMALE,10,1,1
209564,MALE,27,11,18
210217,MALE,49,29,31
210228,MALE,47,25,27
210251,MALE,43,32,34
210685,MALE,26,21,18
210687,MALE,19,4,2
211769,MALE,24,18,16
212225,MALE,26,20,19
212229,MALE,38,35,29
212256,MALE,38,34,35
212279,MALE,25,20,15
212282,MALE,38,33,29
212290,MALE,47,24,38
212350,MALE,56,13,57
212356,MALE,59,9,47
212366,MALE,32,33,31
212514,MALE,44,28,31
213393,MALE,54,21,57
213394,MALE,58,10,60
213485,MALE,31,27,28
213620,MALE,20,8,5
214540,MALE,35,33,37
215157,MALE,55,21,45
215275,MALE,50,27,38
215282,MALE,26,19,20
215285,MALE,30,24,29
215587,MALE,59,8,48
215889,MALE,54,20,38
216552,MALE,30,23,31
216569,MALE,25,19,18
217398,MALE,31,26,32
219033,MALE,53,12,58
219320,MALE,31,25,35
219333,MALE,28,27,27
219612,MALE,51,19,42
219628,MALE,48,25,42
219632,MALE,46,25,27
219663,MALE,48,24,29
220971,MALE,44,27,38
220985,MALE,33,29,30
222454,MALE,41,32,42
222540,MALE,35,32,27
222547,MALE,24,17,17
222550,MALE,46,24,38
222725,MALE,45,20,38
222843,MALE,32,32,28
223021,MALE,41,31,46
223204,MALE,30,22,28
223208,MALE,54,19,45
223568,MALE,31,24,27
224157,MALE,26,18,18
224159,MALE,24,16,15
224160,MALE,23,10,15
224344,MALE,25,18,19
224358,MALE,49,28,38
224628,MALE,32,31,25
226061,MALE,55,20,59
226239,MALE,49,27,38
226248,MALE,48,23,35
226258,MALE,54,18,39
226261,MALE,28,26,28
226262,MALE,35,31,38
226641,MALE,29,26,30
226751,MALE,38,32,37
226827,MALE,26,17,18
226911,MALE,26,16,17
226991,MALE,40,33,29
227037,MALE,33,28,29
227039,MALE,54,17,48
227066,MALE,49,26,39
227067,MALE,54,16,50
227323,MALE,69,2,35
227461,MALE,39,28,27
227464,MALE,52,21,49
227815,MALE,30,21,25
228022,MALE,46,23,34
228810,MALE,37,23,35
228899,MALE,42,24,32
228979,MALE,34,23,32
229160,MALE,47,23,34
229176,MALE,56,12,38
229187,MALE,39,27,29
229193,MALE,41,30,42
229262,MALE,26,15,15
229263,MALE,35,30,34
229287,MALE,47,22,42
229553,MALE,40,32,31
229784,MALE,50,26,39
229791,MALE,60,8,45
229798,MALE,41,29,29
229807,MALE,26,14,18
229840,MALE,62,4,25
229952,MALE,42,23,35
230051,MALE,56,11,45
230246,MALE,55,19,62
230498,MALE,50,25,39
230762,MALE,21,10,9
230763,MALE,32,30,27
230764,MALE,39,26,32
230794,MALE,38,31,33
230811,MALE,44,26,29
230831,MALE,40,31,27
230837,MALE,49,25,39
230840,MALE,31,23,37
230844,MALE,48,22,29
230851,MALE,54,15,52
230875,MALE,32,29,27
230882,MALE,25,17,20
230886,MALE,25,16,18
230924,MALE,54,14,57
230953,MALE,28,25,30
231106,MALE,55,18,60
231264,MALE,24,15,18
231266,MALE,50,24,41
231277,MALE,48,21,31
231304,MALE,45,19,29
231491,MALE,35,29,42
231998,MALE,35,28,46
232781,MALE,39,25,35
232804,MALE,21,9,8
232808,MALE,42,22,37
232810,MALE,40,30,29
232835,MALE,47,21,46
232997,MALE,30,20,22
233022,MALE,48,20,27
233178,MALE,61,6,60
233772,MALE,48,19,29
233919,MALE,25,15,18
233922,MALE,31,22,33
233924,MALE,40,29,35
233935,MALE,52,20,38
233936,MALE,67,1,52
233940,MALE,41,28,35
233943,MALE,27,10,18
233948,MALE,25,14,19
233949,MALE,14,1,1
233991,MALE,47,20,42
233994,MALE,19,3,3
233996,MALE,24,14,19
233999,MALE,46,22,42
234003,MALE,54,13,45
234081,MALE,43,31,42
234083,MALE,24,13,20
234558,MALE,33,27,26
234571,MALE,20,7,7
234572,MALE,39,24,37
235105,MALE,35,27,42
235109,MALE,27,9,19
235112,MALE,32,28,28
235114,MALE,39,23,31
235129,MALE,43,30,46
235173,MALE,32,27,30
235226,MALE,21,8,10
235305,MALE,43,29,42
235725,MALE,28,24,29
236058,MALE,33,26,29
236061,MALE,41,27,29
236077,MALE,31,21,29
236081,MALE,33,25,31
236084,MALE,59,7,45
236110,MALE,44,25,35
236111,MALE,56,10,39
236114,MALE,41,26,31
236117,MALE,47,19,29
236122,MALE,33,24,28
236135,MALE,55,17,58
236155,MALE,35,26,29
236190,MALE,53,11,56
237278,MALE,69,1,31
237280,MALE,28,23,26
237650,MALE,21,7,6
237670,MALE,28,22,29
237672,MALE,21,6,7
237674,MALE,56,9,48
237736,MALE,29,25,29
237882,MALE,41,25,27
237885,MALE,25,13,20
237887,MALE,33,23,32
237891,MALE,50,23,41
237894,MALE,45,18,35
237897,MALE,33,22,35
237901,MALE,43,28,29
237903,MALE,31,20,31
237919,MALE,49,24,41
237920,MALE,24,12,18
237995,MALE,35,25,35
238189,MALE,23,9,14
238258,MALE,28,21,31
238273,MALE,38,30,37
238408,MALE,37,22,26
238476,MALE,34,22,35
238477,MALE,55,16,56
238593,MALE,34,21,27
238595,MALE,24,11,18
238598,MALE,30,19,27
238600,MALE,56,8,57
238603,MALE,36,30,29
238613,MALE,59,6,59
238614,MALE,47,18,35
238615,MALE,52,19,48
238616,MALE,34,20,37
238617,MALE,40,28,26
238618,MALE,40,27,31
238619,MALE,54,12,40
238620,MALE,54,11,47
238622,MALE,56,7,38
238627,MALE,34,19,33
238635,MALE,30,18,28
238636,MALE,36,29,30
238637,MALE,50,22,42
238652,MALE,43,27,35
238735,MALE,20,6,6
239232,MALE,29,24,26
239369,MALE,21,5,7
239693,MALE,28,20,23
239694,FEMALE,31,19,28
239697,MALE,39,22,33
239698,FEMALE,52,18,50
239699,MALE,55,15,57
239704,MALE,52,17,52
239707,MALE,58,9,58
239708,MALE,52,16,57
239709,MALE,41,24,29
239710,FEMALE,35,24,29
239712,FEMALE,25,12,17
239713,MALE,31,18,25
239715,MALE,25,11,17
239716,FEMALE,37,21,31
239718,MALE,39,21,29
239719,MALE,40,26,27
239720,MALE,35,23,37
239721,MALE,48,18,35
239723,MALE,55,14,38
239725,MALE,41,23,35
239726,MALE,33,21,27
239727,MALE,30,17,30
239729,MALE,45,17,29
239730,FEMALE,31,17,27
239732,FEMALE,40,25,29
239734,MALE,42,21,31
239735,FEMALE,35,22,33
239736,MALE,36,28,42
239737,FEMALE,38,29,27
239819,FEMALE,51,18,42
239820,FEMALE,58,8,56
239979,FEMALE,39,20,35
239982,FEMALE,22,9,7
239983,MALE,45,16,37
239986,MALE,52,15,45
239991,FEMALE,40,24,32
239995,FEMALE,36,27,46
240025,FEMALE,50,21,42
240026,MALE,59,5,62
240027,FEMALE,63,3,52
240029,MALE,52,14,40
240030,FEMALE,45,15,33
240033,FEMALE,31,16,27
240034,MALE,32,26,29
240035,MALE,33,20,37
240138,MALE,45,14,37
240141,MALE,41,22,26
240142,FEMALE,50,20,43
240167,FEMALE,43,26,29
240169,FEMALE,58,7,57
240171,FEMALE,49,23,41
240173,FEMALE,51,17,43
240174,FEMALE,61,5,58
240175,MALE,28,19,25
240177,FEMALE,32,25,26
240178,FEMALE,60,7,39
240180,FEMALE,21,4,12
240181,FEMALE,44,24,29
240184,FEMALE,61,4,56
240186,FEMALE,43,25,31
240189,FEMALE,47,17,29
240190,MALE,29,23,29
240191,FEMALE,38,28,38
240194,FEMALE,38,27,34
240195,MALE,39,19,29
240196,MALE,49,22,42
240260,FEMALE,39,18,37
240261,FEMALE,37,20,27
240263,MALE,51,16,49
240265,MALE,44,23,37
240269,FEMALE,24,10,19
240275,MALE,31,15,28
240278,MALE,31,14,30
240349,MALE,42,20,36
240350,MALE,32,24,29
240390,MALE,54,10,48
240474,FEMALE,65,4,40
241087,FEMALE,65,3,52
241090,MALE,37,19,29
241091,FEMALE,26,13,19
241092,MALE,46,21,46
241094,FEMALE,22,8,13
241095,MALE,29,22,31
241096,MALE,31,13,29
241098,FEMALE,36,26,42
241099,FEMALE,38,26,42
241100,MALE,43,24,27
241101,FEMALE,33,19,33
241103,FEMALE,44,22,33
241540,MALE,39,17,33
241591,FEMALE,41,21,31
241593,FEMALE,30,16,29
241594,FEMALE,46,20,42
241596,FEMALE,42,19,29
241597,FEMALE,41,20,27
241598,MALE,30,15,26
241599,FEMALE,47,16,31
241600,MALE,23,8,16
241602,MALE,44,21,37
241603,MALE,38,25,46
241605,MALE,35,21,37
241606,FEMALE,50,19,49
241607,FEMALE,24,9,20
241608,MALE,33,18,29
241609,FEMALE,42,18,35
241611,MALE,64,2,26
241612,MALE,51,15,38
241613,FEMALE,30,14,29
241614,MALE,50,18,38
241615,FEMALE,45,13,27
241638,MALE,36,25,29
241741,FEMALE,47,15,27
241815,FEMALE,40,23,35
241858,FEMALE,51,14,48
242141,FEMALE,32,23,31
242202,MALE,52,13,47
242204,MALE,44,20,27
242205,FEMALE,29,21,28
242206,MALE,33,17,31
242208,MALE,45,12,38
242209,FEMALE,51,13,50
242222,FEMALE,36,24,35
242228,FEMALE,53,10,57
242229,FEMALE,44,19,38
242249,FEMALE,53,9,38
242252,FEMALE,46,19,29
242258,FEMALE,51,12,52
242302,FEMALE,49,21,42
242305,MALE,22,7,8
242307,MALE,23,7,15
242318,FEMALE,50,17,48
242341,FEMALE,52,12,48
242484,FEMALE,60,6,48
242486,FEMALE,34,18,29
242489,FEMALE,35,20,27
242570,MALE,50,16,50
242571,FEMALE,52,11,45
242572,FEMALE,48,17,26
242689,FEMALE,28,18,22
242691,FEMALE,54,9,45
242693,FEMALE,41,19,29
242694,FEMALE,26,12,20
242695,FEMALE,21,3,7
242696,MALE,46,18,35
242697,MALE,25,10,15
242698,MALE,29,20,29
242699,MALE,55,13,45
242700,FEMALE,34,17,31
242701,MALE,49,20,31
242703,MALE,44,18,34
242704,MALE,39,16,37
242705,FEMALE,35,19,38
242708,MALE,25,9,18
242709,MALE,61,3,57
242710,FEMALE,40,22,37
242711,FEMALE,37,18,32
242714,MALE,37,17,35
242718,MALE,30,13,31
242719,MALE,39,15,27
242720,MALE,37,16,37
242725,FEMALE,22,6,12
242726,FEMALE,46,17,29
242727,MALE,46,16,31
242728,FEMALE,18,3,3
242729,FEMALE,41,18,32
242730,FEMALE,40,21,31
242732,MALE,23,6,17
242733,FEMALE,27,8,20
242752,MALE,36,23,29
243212,FEMALE,68,1,40
243213,MALE,33,16,28
243217,FEMALE,58,6,38
243219,FEMALE,39,14,38
243221,FEMALE,51,11,57
243223,FEMALE,43,23,29
243226,MALE,43,22,35
243227,FEMALE,22,5,10
243228,MALE,33,15,25
243230,FEMALE,38,24,42
243232,FEMALE,36,22,37
243235,FEMALE,36,21,33
243237,FEMALE,54,8,59
243239,FEMALE,29,19,26
243240,FEMALE,29,18,29
243241,FEMALE,29,17,31
243249,FEMALE,49,19,27
243254,FEMALE,32,22,28
243263,FEMALE,48,16,31
243270,MALE,51,10,45
243274,FEMALE,30,12,28
243275,FEMALE,30,11,29
243277,FEMALE,35,18,34
243291,MALE,46,15,27
243293,MALE,38,23,29
243295,MALE,48,15,27
243296,MALE,40,20,34
243298,MALE,32,21,32
243300,MALE,29,16,28
243301,FEMALE,34,16,28
243302,MALE,25,8,19
243303,MALE,38,22,35
243304,MALE,22,4,11
243305,MALE,43,21,26
243358,MALE,29,15,25
243360,MALE,26,11,18
243372,FEMALE,29,14,22
243375,FEMALE,45,11,34
243376,MALE,34,15,25
243377,FEMALE,51,9,40
243378,FEMALE,40,19,29
243380,MALE,28,17,27
243381,MALE,25,7,20
243384,MALE,31,12,26
243386,MALE,32,20,35
243387,MALE,56,6,45
243442,MALE,32,19,27
243444,FEMALE,44,17,42
243446,FEMALE,41,17,35
243448,FEMALE,37,15,31
243455,MALE,32,18,37
243459,MALE,32,17,33
243589,FEMALE,49,18,29
243598,MALE,20,5,5
243599,FEMALE,36,20,37
243858,FEMALE,32,16,29
243859,FEMALE,32,15,31
243872,FEMALE,56,5,39
243873,FEMALE,37,14,29
243874,FEMALE,29,13,27
243875,FEMALE,43,20,31
243876,FEMALE,34,14,27
243877,FEMALE,33,14,27
243879,FEMALE,55,12,39
243880,FEMALE,50,15,52
243881,FEMALE,44,16,46
243976,FEMALE,44,15,42
243977,MALE,41,16,37
243978,MALE,29,12,28
243979,FEMALE,40,18,35
243980,FEMALE,35,17,42
243981,FEMALE,37,13,35
243982,FEMALE,39,13,34
243984,MALE,62,3,26
243985,MALE,50,14,57
243986,FEMALE,35,16,46
243988,MALE,48,14,29
244009,FEMALE,32,14,28
244051,FEMALE,33,13,27
244052,FEMALE,38,21,29
244053,FEMALE,32,13,25
244104,FEMALE,54,7,62
244105,MALE,41,15,31
244156,MALE,44,14,29
244157,MALE,36,19,27
244257,FEMALE,17,2,2
244285,FEMALE,35,15,42
244345,FEMALE,36,18,38
244350,FEMALE,60,5,50
244351,FEMALE,60,4,52
244352,FEMALE,48,13,32
244353,MALE,46,14,29
244354,FEMALE,24,8,17
244356,FEMALE,33,12,28
244360,FEMALE,50,13,45
244361,MALE,37,12,29
244362,MALE,56,4,48
244364,MALE,37,11,37
244365,FEMALE,48,12,35
244367,FEMALE,36,17,34
244518,FEMALE,40,17,29
244522,FEMALE,38,20,31
244523,MALE,17,1,2
244527,MALE,35,14,29
244581,FEMALE,26,10,18
244585,FEMALE,39,12,42
244587,MALE,36,16,42
244588,MALE,40,16,37
244589,MALE,35,13,35
244590,MALE,28,16,28
244592,MALE,42,17,29
244718,FEMALE,41,14,35
244719,FEMALE,51,8,47
244720,FEMALE,35,12,29
244867,FEMALE,43,19,27
244868,FEMALE,20,4,7
244869,MALE,28,15,30
244870,FEMALE,47,14,29
244871,FEMALE,18,2,2
244872,FEMALE,50,12,40
244874,FEMALE,26,9,19
244875,MALE,47,13,35
244878,FEMALE,63,2,53
244879,FEMALE,35,11,29
244880,FEMALE,61,2,38
244882,FEMALE,55,11,48
244899,FEMALE,56,3,50
244900,FEMALE,29,11,30
245040,FEMALE,28,14,29
245043,FEMALE,49,17,35
245116,FEMALE,47,12,26
245117,MALE,37,10,33
245118,MALE,44,13,35
245119,FEMALE,42,16,37
245138,FEMALE,59,4,60
245139,MALE,39,11,46
245141,FEMALE,57,6,48
245146,FEMALE,37,9,37
245149,MALE,40,15,33
245152,MALE,34,13,27
245153,MALE,31,11,29
245154,FEMALE,29,10,29
245200,FEMALE,26,8,20
245201,FEMALE,33,11,30
245230,FEMALE,51,7,48
245233,MALE,39,10,42
245234,FEMALE,43,18,29
245235,FEMALE,55,10,57
245236,MALE,51,6,44
245292,FEMALE,52,10,59
245294,FEMALE,21,2,8
245296,FEMALE,42,15,33
245297,FEMALE,48,11,37
245301,MALE,65,2,53
245304,FEMALE,51,5,39
245309,FEMALE,36,15,46
245364,MALE,27,7,20
245365,MALE,39,9,29
245366,FEMALE,41,13,29
245367,FEMALE,36,14,42
245368,FEMALE,12,2,1
245475,FEMALE,49,16,26
245627,FEMALE,29,9,26
245633,FEMALE,26,7,18
245637,MALE,26,6,17
245638,FEMALE,26,5,15
245640,FEMALE,23,5,16
245647,FEMALE,53,8,45
245648,MALE,29,8,29
245649,MALE,33,10,29
245659,FEMALE,57,5,57
245660,FEMALE,37,8,27
245675,MALE,30,10,26
245730,FEMALE,50,11,47
245732,FEMALE,33,9,26
245738,MALE,39,8,35
245792,MALE,51,4,41
245805,MALE,66,4,39
245807,FEMALE,46,13,35
245809,FEMALE,49,15,31
245811,FEMALE,49,14,27
245813,MALE,34,12,28
245814,FEMALE,47,11,31
245816,FEMALE,53,7,39
245819,FEMALE,42,14,37
245826,FEMALE,55,9,38
245829,FEMALE,46,12,26
245830,FEMALE,42,13,27
245836,FEMALE,32,12,27
245838,MALE,25,6,18
245840,FEMALE,27,6,20
245842,MALE,44,12,29
245852,FEMALE,24,7,15
245853,FEMALE,23,4,14
245854,MALE,64,1,29
245856,FEMALE,50,10,48
245857,FEMALE,41,12,35
245858,FEMALE,27,5,23
245859,FEMALE,23,3,15
245860,MALE,50,9,39
245861,FEMALE,29,7,31
245862,FEMALE,40,14,37
245863,FEMALE,31,10,31
245864,FEMALE,42,12,38
245865,FEMALE,27,4,25
245869,FEMALE,49,13,29
245872,MALE,26,4,18
245873,FEMALE,45,10,42
245874,FEMALE,38,19,27
245875,FEMALE,60,3,57
245876,MALE,66,3,48
245877,FEMALE,45,9,46
245907,FEMALE,41,11,29
245947,FEMALE,44,11,31
245978,FEMALE,44,10,27
246067,FEMALE,24,6,18
246068,FEMALE,44,9,29
246234,MALE,28,13,26
246235,FEMALE,58,5,45
246236,FEMALE,25,5,18
246242,MALE,29,6,28
246243,MALE,48,10,31
246245,FEMALE,45,8,42
246246,FEMALE,41,10,37
246250,FEMALE,24,5,19
246251,FEMALE,52,9,62
246253,FEMALE,44,8,35
246257,FEMALE,47,10,27
246325,FEMALE,22,3,13
246327,FEMALE,54,6,60
246329,FEMALE,65,1,57
246378,FEMALE,49,12,32
246491,FEMALE,66,2,25
246492,FEMALE,40,13,27
246495,FEMALE,49,11,35
246496,FEMALE,41,9,33
246498,FEMALE,32,11,27
246500,MALE,43,17,32
246501,FEMALE,28,12,29
246502,FEMALE,53,6,48
246504,FEMALE,27,3,22
246506,FEMALE,27,2,27
246519,FEMALE,39,7,29
246521,FEMALE,45,7,29
246658,FEMALE,31,9,28
246659,FEMALE,63,1,57
246661,FEMALE,26,3,19
246665,FEMALE,26,2,20
246666,MALE,52,8,60
246677,MALE,48,9,38
246680,MALE,31,8,32
246686,MALE,38,18,29
246688,MALE,47,9,29
246693,MALE,44,7,26
246694,MALE,38,17,35
246696,MALE,38,16,26
246700,FEMALE,32,10,28
247050,MALE,41,8,37
247051,MALE,29,5,29
247054,MALE,46,11,31
247057,MALE,38,15,31
247062,FEMALE,59,3,58
247073,MALE,40,12,38
247074,FEMALE,45,6,35
247075,FEMALE,48,8,38
247077,MALE,43,16,35
247078,FEMALE,38,14,27
247079,FEMALE,34,11,30
247114,FEMALE,53,5,50
247120,FEMALE,33,8,29
247122,MALE,45,5,29
247194,MALE,19,2,2
247195,FEMALE,41,7,27
247196,FEMALE,24,4,20
247251,MALE,33,7,31
247258,FEMALE,36,13,29
247259,MALE,30,9,29
247260,MALE,28,11,31
247262,MALE,51,3,41
247269,FEMALE,39,6,31
247272,FEMALE,52,7,58
247274,MALE,50,8,41
247277,FEMALE,42,11,34
247282,FEMALE,36,12,35
247284,FEMALE,47,8,32
247287,FEMALE,43,15,37
247293,MALE,38,13,29
247307,FEMALE,38,12,32
247308,MALE,49,10,37
247310,FEMALE,42,10,42
247313,MALE,43,14,31
247325,FEMALE,47,7,35
247334,FEMALE,36,11,29
247340,FEMALE,31,7,35
247397,MALE,40,11,34
247403,MALE,48,7,39
247452,FEMALE,42,9,46
247456,FEMALE,30,8,31
247457,FEMALE,46,10,27
247460,MALE,29,4,26
247462,MALE,34,10,29
247518,FEMALE,54,5,58
247519,FEMALE,51,2,42
247520,MALE,33,6,28
247521,FEMALE,26,1,18
247522,FEMALE,32,9,30
247523,FEMALE,27,1,28
247651,MALE,43,13,37
247652,FEMALE,44,6,31
247653,MALE,31,6,27
247692,FEMALE,46,9,29
247772,MALE,36,10,30
247774,FEMALE,38,11,35
247848,MALE,37,7,38
247960,FEMALE,21,1,12
247964,FEMALE,41,6,38
247965,FEMALE,48,6,39
247966,FEMALE,57,4,38
247967,MALE,40,10,42
247968,MALE,43,12,37
248103,FEMALE,39,5,27
248104,FEMALE,36,9,30
248105,FEMALE,57,3,45
248106,FEMALE,50,7,41
248107,FEMALE,42,8,42
248175,FEMALE,11,1,1
248251,FEMALE,50,6,42
248294,FEMALE,35,10,42
248295,FEMALE,38,10,37
248296,FEMALE,58,4,39
248311,MALE,39,4,29
248338,MALE,47,6,37
248485,MALE,40,9,46
248487,MALE,35,9,46
248522,MALE,38,9,31
248580,MALE,37,6,34
248969,MALE,42,7,29
249005,MALE,49,9,31
249026,MALE,32,8,29
249027,MALE,32,7,26
249037,MALE,43,11,29
249039,MALE,36,8,42
249052,MALE,24,3,18
249055,MALE,49,8,38
249106,MALE,34,9,26
249144,MALE,33,5,32
249172,MALE,36,7,46
249221,MALE,46,8,32
249232,MALE,48,5,41
249242,MALE,25,4,19
249247,MALE,41,5,34
249248,MALE,41,4,42
249324,MALE,28,10,23
249359,MALE,32,6,29
249426,MALE,49,7,38
249511,MALE,42,6,35
249514,MALE,38,8,29
249515,MALE,38,7,35
249518,MALE,35,8,42
249520,MALE,38,6,29
249521,MALE,43,10,35
249672,MALE,33,4,35
249772,MALE,41,3,46
249842,MALE,48,4,41
249846,MALE,35,7,29
249849,MALE,43,9,29
250069,MALE,37,5,42
250144,MALE,43,8,37
250412,MALE,20,3,6
250429,MALE,35,6,35
250501,MALE,28,9,25
250712,MALE,35,5,29
250716,MALE,40,8,42
250717,MALE,49,6,39
250743,MALE,43,7,33
250938,MALE,34,8,29
251005,MALE,49,5,39
251006,MALE,35,4,37
251095,MALE,55,8,45
251103,MALE,47,5,31
251104,MALE,52,6,56
251105,MALE,28,8,22
251172,MALE,53,4,52
251365,MALE,39,3,35
251454,MALE,40,7,29
251487,MALE,31,5,37
251550,MALE,33,3,27
251551,MALE,22,2,14
251614,MALE,46,7,35
251748,MALE,49,4,41
251836,MALE,29,3,29
251860,MALE,44,5,27
251863,MALE,55,7,39
251867,MALE,32,5,31
251870,MALE,37,4,46
251893,MALE,37,3,42
251920,MALE,43,6,37
251921,MALE,43,5,27
251944,MALE,38,5,37
252059,MALE,46,6,37
252335,MALE,34,7,31
252337,MALE,50,5,42
252345,FEMALE,6,1,1
252451,MALE,55,6,48
252452,MALE,55,5,50
252507,MALE,36,6,42
252601,MALE,28,7,27
252724,MALE,32,4,28
252733,MALE,39,2,26
253012,MALE,46,5,31
253301,MALE,47,4,38
253517,MALE,54,4,56
253521,MALE,53,3,57
253522,MALE,34,6,28
253525,MALE,43,4,38
253541,MALE,58,3,48
253741,MALE,46,4,38
253796,MALE,29,2,31
253923,MALE,31,4,33
254418,MALE,28,6,28
254518,MALE,46,3,38
254571,MALE,40,6,35
255077,MALE,30,7,28
255079,MALE,54,3,57
255240,MALE,12,1,2
255357,MALE,45,4,31
255459,MALE,60,2,45
255517,MALE,28,5,30
255518,MALE,59,2,56
255899,MALE,53,2,45
256418,MALE,34,5,32
256498,MALE,54,2,38
256513,MALE,25,3,20
256550,MALE,56,2,52
256727,MALE,34,4,35
257078,MALE,87,1,30
257127,MALE,59,1,57
257129,MALE,74,1,31
257140,MALE,29,1,28
257273,MALE,28,4,29
257326,MALE,33,2,37
257520,MALE,41,2,42
257683,MALE,57,2,39
257982,MALE,50,4,43
257983,MALE,22,1,16
258002,MALE,52,5,57
258372,MALE,33,1,33
258619,MALE,24,2,18
258621,MALE,37,2,29
258625,MALE,38,4,33
258644,MALE,44,4,29
258646,MALE,66,1,26
258648,MALE,30,6,25
258902,MALE,44,3,32
259014,MALE,48,3,41
259034,MALE,48,2,41
259714,MALE,40,5,29
259753,MALE,53,1,40
259768,MALE,43,3,34
259801,MALE,20,2,5
259808,MALE,34,3,27
259814,MALE,52,4,38
259818,MALE,40,4,31
259846,MALE,28,3,26
260736,MALE,18,1,2
260921,MALE,47,3,38
260927,MALE,31,3,29
261106,MALE,32,3,32
261271,MALE,38,3,37
261367,MALE,52,3,45
261372,MALE,36,5,29
261461,MALE,28,2,29
261941,MALE,32,2,35
262192,MALE,62,2,29
262216,MALE,50,3,49
262220,MALE,24,1,19
262222,MALE,49,3,41
262224,MALE,54,1,45
262228,MALE,43,2,42
262230,MALE,48,1,31
262232,MALE,39,1,31
262236,MALE,47,2,39
262238,MALE,45,3,27
262240,MALE,40,3,27
262241,MALE,46,2,39
262242,MALE,35,3,33
262243,MALE,36,4,35
262403,MALE,43,1,46
262574,MALE,30,5,27
262587,MALE,38,2,27
262594,MALE,42,5,29
262600,MALE,58,2,
262711,MALE,30,4,27
262712,MALE,30,3,28
262818,MALE,57,1,48
262975,MALE,55,4,52
262976,MALE,42,4,31
263122,MALE,30,2,30
263305,MALE,25,2,17
263306,MALE,51,1,42
263307,MALE,55,3,57
263569,MALE,50,2,38
263574,MALE,55,2,45
263596,MALE,52,2,39
263633,MALE,31,2,31
263635,MALE,36,3,29
263713,MALE,46,1,39
263715,MALE,55,1,40
264469,MALE,40,2,29
264475,MALE,45,2,29
264479,MALE,42,3,27
264480,MALE,42,2,29
264484,MALE,36,2,37
264485,MALE,34,2,37
264488,MALE,56,1,57
264491,MALE,41,1,29
264494,MALE,19,1,4
264505,MALE,35,2,37
264507,MALE,23,2,17
264508,MALE,58,1,57
264509,MALE,32,1,27
264510,MALE,60,1,40
264533,MALE,49,2,42
264537,MALE,52,1,48
264538,MALE,49,1,42
264542,MALE,42,1,35
264549,MALE,47,1,39
264567,MALE,37,1,35
264574,MALE,36,1,33
264576,MALE,38,1,38
264577,MALE,31,1,28
264578,MALE,44,2,35
264582,MALE,62,1,30
266007,MALE,30,1,29
266652,MALE,34,1,33
266657,MALE,50,1,48
266679,MALE,20,1,7
266680,MALE,25,1,18
266682,MALE,35,1,27
266688,MALE,45,1,35
266716,MALE,61,1,45
267018,MALE,23,1,15
267101,MALE,28,1,31
267232,MALE,40,1,35
267423,MALE,44,1,37
